function	function_usr	current_source	native_function	native_function_usr
p101_abs	c:@F@p101_abs	libraries/lib_c/src/stdlib.c	abs	c:@F@abs
p101_acos	c:@F@p101_acos	libraries/lib_c/src/math.c	acos	c:@F@acos
p101_acosf	c:@F@p101_acosf	libraries/lib_c/src/math.c	acosf	c:@F@acosf
p101_acosh	c:@F@p101_acosh	libraries/lib_c/src/math.c	acosh	c:@F@acosh
p101_acoshf	c:@F@p101_acoshf	libraries/lib_c/src/math.c	acoshf	c:@F@acoshf
p101_acoshl	c:@F@p101_acoshl	libraries/lib_c/src/math.c	acoshl	c:@F@acoshl
p101_acosl	c:@F@p101_acosl	libraries/lib_c/src/math.c	acosl	c:@F@acosl
p101_aligned_alloc	c:@F@p101_aligned_alloc	libraries/lib_c/src/stdlib.c	aligned_alloc	c:@F@aligned_alloc
p101_asin	c:@F@p101_asin	libraries/lib_c/src/math.c	asin	c:@F@asin
p101_asinf	c:@F@p101_asinf	libraries/lib_c/src/math.c	asinf	c:@F@asinf
p101_asinh	c:@F@p101_asinh	libraries/lib_c/src/math.c	asinh	c:@F@asinh
p101_asinhf	c:@F@p101_asinhf	libraries/lib_c/src/math.c	asinhf	c:@F@asinhf
p101_asinhl	c:@F@p101_asinhl	libraries/lib_c/src/math.c	asinhl	c:@F@asinhl
p101_asinl	c:@F@p101_asinl	libraries/lib_c/src/math.c	asinl	c:@F@asinl
p101_at_quick_exit	c:@F@p101_at_quick_exit	libraries/lib_c/src/stdlib.c	at_quick_exit	c:@F@at_quick_exit
p101_atan	c:@F@p101_atan	libraries/lib_c/src/math.c	atan	c:@F@atan
p101_atan2	c:@F@p101_atan2	libraries/lib_c/src/math.c	atan2	c:@F@atan2
p101_atan2f	c:@F@p101_atan2f	libraries/lib_c/src/math.c	atan2f	c:@F@atan2f
p101_atan2l	c:@F@p101_atan2l	libraries/lib_c/src/math.c	atan2l	c:@F@atan2l
p101_atanf	c:@F@p101_atanf	libraries/lib_c/src/math.c	atanf	c:@F@atanf
p101_atanh	c:@F@p101_atanh	libraries/lib_c/src/math.c	atanh	c:@F@atanh
p101_atanhf	c:@F@p101_atanhf	libraries/lib_c/src/math.c	atanhf	c:@F@atanhf
p101_atanhl	c:@F@p101_atanhl	libraries/lib_c/src/math.c	atanhl	c:@F@atanhl
p101_atanl	c:@F@p101_atanl	libraries/lib_c/src/math.c	atanl	c:@F@atanl
p101_atexit	c:@F@p101_atexit	libraries/lib_c/src/stdlib.c	atexit	c:@F@atexit
p101_atomic_flag_clear	c:@F@p101_atomic_flag_clear	libraries/lib_c/src/stdatomic.c	atomic_flag_clear	c:@F@atomic_flag_clear
p101_atomic_flag_clear_explicit	c:@F@p101_atomic_flag_clear_explicit	libraries/lib_c/src/stdatomic.c	atomic_flag_clear_explicit	c:@F@atomic_flag_clear_explicit
p101_atomic_flag_test_and_set	c:@F@p101_atomic_flag_test_and_set	libraries/lib_c/src/stdatomic.c	atomic_flag_test_and_set	c:@F@atomic_flag_test_and_set
p101_atomic_flag_test_and_set_explicit	c:@F@p101_atomic_flag_test_and_set_explicit	libraries/lib_c/src/stdatomic.c	atomic_flag_test_and_set_explicit	c:@F@atomic_flag_test_and_set_explicit
p101_atomic_signal_fence	c:@F@p101_atomic_signal_fence	libraries/lib_c/src/stdatomic.c	atomic_signal_fence	c:@F@atomic_signal_fence
p101_atomic_thread_fence	c:@F@p101_atomic_thread_fence	libraries/lib_c/src/stdatomic.c	atomic_thread_fence	c:@F@atomic_thread_fence
p101_atomic_uint_compare_exchange_strong	c:@F@p101_atomic_uint_compare_exchange_strong	libraries/lib_c/src/stdatomic.c	atomic_uint_compare_exchange_strong	c:@F@atomic_uint_compare_exchange_strong
p101_atomic_uint_compare_exchange_strong_explicit	c:@F@p101_atomic_uint_compare_exchange_strong_explicit	libraries/lib_c/src/stdatomic.c	atomic_uint_compare_exchange_strong_explicit	c:@F@atomic_uint_compare_exchange_strong_explicit
p101_atomic_uint_compare_exchange_weak	c:@F@p101_atomic_uint_compare_exchange_weak	libraries/lib_c/src/stdatomic.c	atomic_uint_compare_exchange_weak	c:@F@atomic_uint_compare_exchange_weak
p101_atomic_uint_compare_exchange_weak_explicit	c:@F@p101_atomic_uint_compare_exchange_weak_explicit	libraries/lib_c/src/stdatomic.c	atomic_uint_compare_exchange_weak_explicit	c:@F@atomic_uint_compare_exchange_weak_explicit
p101_atomic_uint_exchange	c:@F@p101_atomic_uint_exchange	libraries/lib_c/src/stdatomic.c	atomic_uint_exchange	c:@F@atomic_uint_exchange
p101_atomic_uint_exchange_explicit	c:@F@p101_atomic_uint_exchange_explicit	libraries/lib_c/src/stdatomic.c	atomic_uint_exchange_explicit	c:@F@atomic_uint_exchange_explicit
p101_atomic_uint_fetch_add	c:@F@p101_atomic_uint_fetch_add	libraries/lib_c/src/stdatomic.c	atomic_uint_fetch_add	c:@F@atomic_uint_fetch_add
p101_atomic_uint_fetch_add_explicit	c:@F@p101_atomic_uint_fetch_add_explicit	libraries/lib_c/src/stdatomic.c	atomic_uint_fetch_add_explicit	c:@F@atomic_uint_fetch_add_explicit
p101_atomic_uint_fetch_and	c:@F@p101_atomic_uint_fetch_and	libraries/lib_c/src/stdatomic.c	atomic_uint_fetch_and	c:@F@atomic_uint_fetch_and
p101_atomic_uint_fetch_and_explicit	c:@F@p101_atomic_uint_fetch_and_explicit	libraries/lib_c/src/stdatomic.c	atomic_uint_fetch_and_explicit	c:@F@atomic_uint_fetch_and_explicit
p101_atomic_uint_fetch_or	c:@F@p101_atomic_uint_fetch_or	libraries/lib_c/src/stdatomic.c	atomic_uint_fetch_or	c:@F@atomic_uint_fetch_or
p101_atomic_uint_fetch_or_explicit	c:@F@p101_atomic_uint_fetch_or_explicit	libraries/lib_c/src/stdatomic.c	atomic_uint_fetch_or_explicit	c:@F@atomic_uint_fetch_or_explicit
p101_atomic_uint_fetch_sub	c:@F@p101_atomic_uint_fetch_sub	libraries/lib_c/src/stdatomic.c	atomic_uint_fetch_sub	c:@F@atomic_uint_fetch_sub
p101_atomic_uint_fetch_sub_explicit	c:@F@p101_atomic_uint_fetch_sub_explicit	libraries/lib_c/src/stdatomic.c	atomic_uint_fetch_sub_explicit	c:@F@atomic_uint_fetch_sub_explicit
p101_atomic_uint_fetch_xor	c:@F@p101_atomic_uint_fetch_xor	libraries/lib_c/src/stdatomic.c	atomic_uint_fetch_xor	c:@F@atomic_uint_fetch_xor
p101_atomic_uint_fetch_xor_explicit	c:@F@p101_atomic_uint_fetch_xor_explicit	libraries/lib_c/src/stdatomic.c	atomic_uint_fetch_xor_explicit	c:@F@atomic_uint_fetch_xor_explicit
p101_atomic_uint_load	c:@F@p101_atomic_uint_load	libraries/lib_c/src/stdatomic.c	atomic_uint_load	c:@F@atomic_uint_load
p101_atomic_uint_load_explicit	c:@F@p101_atomic_uint_load_explicit	libraries/lib_c/src/stdatomic.c	atomic_uint_load_explicit	c:@F@atomic_uint_load_explicit
p101_atomic_uint_store	c:@F@p101_atomic_uint_store	libraries/lib_c/src/stdatomic.c	atomic_uint_store	c:@F@atomic_uint_store
p101_atomic_uint_store_explicit	c:@F@p101_atomic_uint_store_explicit	libraries/lib_c/src/stdatomic.c	atomic_uint_store_explicit	c:@F@atomic_uint_store_explicit
p101_bsearch	c:@F@p101_bsearch	libraries/lib_c/src/stdlib.c	bsearch	c:@F@bsearch
p101_btowc	c:@F@p101_btowc	libraries/lib_c/src/wchar.c	btowc	c:@F@btowc
p101_cabs	c:@F@p101_cabs	libraries/lib_c/src/complex.c	cabs	c:@F@cabs
p101_cabsf	c:@F@p101_cabsf	libraries/lib_c/src/complex.c	cabsf	c:@F@cabsf
p101_cabsl	c:@F@p101_cabsl	libraries/lib_c/src/complex.c	cabsl	c:@F@cabsl
p101_cacos	c:@F@p101_cacos	libraries/lib_c/src/complex.c	cacos	c:@F@cacos
p101_cacosf	c:@F@p101_cacosf	libraries/lib_c/src/complex.c	cacosf	c:@F@cacosf
p101_cacosh	c:@F@p101_cacosh	libraries/lib_c/src/complex.c	cacosh	c:@F@cacosh
p101_cacoshf	c:@F@p101_cacoshf	libraries/lib_c/src/complex.c	cacoshf	c:@F@cacoshf
p101_cacoshl	c:@F@p101_cacoshl	libraries/lib_c/src/complex.c	cacoshl	c:@F@cacoshl
p101_cacosl	c:@F@p101_cacosl	libraries/lib_c/src/complex.c	cacosl	c:@F@cacosl
p101_calloc	c:@F@p101_calloc	libraries/lib_c/src/stdlib.c	calloc	c:@F@calloc
p101_carg	c:@F@p101_carg	libraries/lib_c/src/complex.c	carg	c:@F@carg
p101_cargf	c:@F@p101_cargf	libraries/lib_c/src/complex.c	cargf	c:@F@cargf
p101_cargl	c:@F@p101_cargl	libraries/lib_c/src/complex.c	cargl	c:@F@cargl
p101_casin	c:@F@p101_casin	libraries/lib_c/src/complex.c	casin	c:@F@casin
p101_casinf	c:@F@p101_casinf	libraries/lib_c/src/complex.c	casinf	c:@F@casinf
p101_casinh	c:@F@p101_casinh	libraries/lib_c/src/complex.c	casinh	c:@F@casinh
p101_casinhf	c:@F@p101_casinhf	libraries/lib_c/src/complex.c	casinhf	c:@F@casinhf
p101_casinhl	c:@F@p101_casinhl	libraries/lib_c/src/complex.c	casinhl	c:@F@casinhl
p101_casinl	c:@F@p101_casinl	libraries/lib_c/src/complex.c	casinl	c:@F@casinl
p101_catan	c:@F@p101_catan	libraries/lib_c/src/complex.c	catan	c:@F@catan
p101_catanf	c:@F@p101_catanf	libraries/lib_c/src/complex.c	catanf	c:@F@catanf
p101_catanh	c:@F@p101_catanh	libraries/lib_c/src/complex.c	catanh	c:@F@catanh
p101_catanhf	c:@F@p101_catanhf	libraries/lib_c/src/complex.c	catanhf	c:@F@catanhf
p101_catanhl	c:@F@p101_catanhl	libraries/lib_c/src/complex.c	catanhl	c:@F@catanhl
p101_catanl	c:@F@p101_catanl	libraries/lib_c/src/complex.c	catanl	c:@F@catanl
p101_cbrt	c:@F@p101_cbrt	libraries/lib_c/src/math.c	cbrt	c:@F@cbrt
p101_cbrtf	c:@F@p101_cbrtf	libraries/lib_c/src/math.c	cbrtf	c:@F@cbrtf
p101_cbrtl	c:@F@p101_cbrtl	libraries/lib_c/src/math.c	cbrtl	c:@F@cbrtl
p101_ccos	c:@F@p101_ccos	libraries/lib_c/src/complex.c	ccos	c:@F@ccos
p101_ccosf	c:@F@p101_ccosf	libraries/lib_c/src/complex.c	ccosf	c:@F@ccosf
p101_ccosh	c:@F@p101_ccosh	libraries/lib_c/src/complex.c	ccosh	c:@F@ccosh
p101_ccoshf	c:@F@p101_ccoshf	libraries/lib_c/src/complex.c	ccoshf	c:@F@ccoshf
p101_ceil	c:@F@p101_ceil	libraries/lib_c/src/math.c	ceil	c:@F@ceil
p101_ceilf	c:@F@p101_ceilf	libraries/lib_c/src/math.c	ceilf	c:@F@ceilf
p101_ceill	c:@F@p101_ceill	libraries/lib_c/src/math.c	ceill	c:@F@ceill
p101_cexp	c:@F@p101_cexp	libraries/lib_c/src/complex.c	cexp	c:@F@cexp
p101_cexpf	c:@F@p101_cexpf	libraries/lib_c/src/complex.c	cexpf	c:@F@cexpf
p101_cexpl	c:@F@p101_cexpl	libraries/lib_c/src/complex.c	cexpl	c:@F@cexpl
p101_cimag	c:@F@p101_cimag	libraries/lib_c/src/complex.c	cimag	c:@F@cimag
p101_cimagf	c:@F@p101_cimagf	libraries/lib_c/src/complex.c	cimagf	c:@F@cimagf
p101_cimagl	c:@F@p101_cimagl	libraries/lib_c/src/complex.c	cimagl	c:@F@cimagl
p101_clearerr	c:@F@p101_clearerr	libraries/lib_c/src/stdio.c	clearerr	c:@F@clearerr
p101_clock	c:@F@p101_clock	libraries/lib_c/src/time.c	clock	c:@F@clock
p101_clog	c:@F@p101_clog	libraries/lib_c/src/complex.c	clog	c:@F@clog
p101_clogf	c:@F@p101_clogf	libraries/lib_c/src/complex.c	clogf	c:@F@clogf
p101_clogl	c:@F@p101_clogl	libraries/lib_c/src/complex.c	clogl	c:@F@clogl
p101_conj	c:@F@p101_conj	libraries/lib_c/src/complex.c	conj	c:@F@conj
p101_conjf	c:@F@p101_conjf	libraries/lib_c/src/complex.c	conjf	c:@F@conjf
p101_conjl	c:@F@p101_conjl	libraries/lib_c/src/complex.c	conjl	c:@F@conjl
p101_copysign	c:@F@p101_copysign	libraries/lib_c/src/math.c	copysign	c:@F@copysign
p101_copysignf	c:@F@p101_copysignf	libraries/lib_c/src/math.c	copysignf	c:@F@copysignf
p101_copysignl	c:@F@p101_copysignl	libraries/lib_c/src/math.c	copysignl	c:@F@copysignl
p101_cos	c:@F@p101_cos	libraries/lib_c/src/math.c	cos	c:@F@cos
p101_cosf	c:@F@p101_cosf	libraries/lib_c/src/math.c	cosf	c:@F@cosf
p101_cosh	c:@F@p101_cosh	libraries/lib_c/src/math.c	cosh	c:@F@cosh
p101_coshf	c:@F@p101_coshf	libraries/lib_c/src/math.c	coshf	c:@F@coshf
p101_coshl	c:@F@p101_coshl	libraries/lib_c/src/math.c	coshl	c:@F@coshl
p101_cosl	c:@F@p101_cosl	libraries/lib_c/src/math.c	cosl	c:@F@cosl
p101_cpow	c:@F@p101_cpow	libraries/lib_c/src/complex.c	cpow	c:@F@cpow
p101_cpowf	c:@F@p101_cpowf	libraries/lib_c/src/complex.c	cpowf	c:@F@cpowf
p101_cpowl	c:@F@p101_cpowl	libraries/lib_c/src/complex.c	cpowl	c:@F@cpowl
p101_cproj	c:@F@p101_cproj	libraries/lib_c/src/complex.c	cproj	c:@F@cproj
p101_cprojf	c:@F@p101_cprojf	libraries/lib_c/src/complex.c	cprojf	c:@F@cprojf
p101_cprojl	c:@F@p101_cprojl	libraries/lib_c/src/complex.c	cprojl	c:@F@cprojl
p101_creal	c:@F@p101_creal	libraries/lib_c/src/complex.c	creal	c:@F@creal
p101_crealf	c:@F@p101_crealf	libraries/lib_c/src/complex.c	crealf	c:@F@crealf
p101_creall	c:@F@p101_creall	libraries/lib_c/src/complex.c	creall	c:@F@creall
p101_csin	c:@F@p101_csin	libraries/lib_c/src/complex.c	csin	c:@F@csin
p101_csinf	c:@F@p101_csinf	libraries/lib_c/src/complex.c	csinf	c:@F@csinf
p101_csinh	c:@F@p101_csinh	libraries/lib_c/src/complex.c	csinh	c:@F@csinh
p101_csinhf	c:@F@p101_csinhf	libraries/lib_c/src/complex.c	csinhf	c:@F@csinhf
p101_csqrt	c:@F@p101_csqrt	libraries/lib_c/src/complex.c	csqrt	c:@F@csqrt
p101_csqrtf	c:@F@p101_csqrtf	libraries/lib_c/src/complex.c	csqrtf	c:@F@csqrtf
p101_csqrtl	c:@F@p101_csqrtl	libraries/lib_c/src/complex.c	csqrtl	c:@F@csqrtl
p101_ctan	c:@F@p101_ctan	libraries/lib_c/src/complex.c	ctan	c:@F@ctan
p101_ctanf	c:@F@p101_ctanf	libraries/lib_c/src/complex.c	ctanf	c:@F@ctanf
p101_ctanh	c:@F@p101_ctanh	libraries/lib_c/src/complex.c	ctanh	c:@F@ctanh
p101_ctanhf	c:@F@p101_ctanhf	libraries/lib_c/src/complex.c	ctanhf	c:@F@ctanhf
p101_difftime	c:@F@p101_difftime	libraries/lib_c/src/time.c	difftime	c:@F@difftime
p101_div	c:@F@p101_div	libraries/lib_c/src/stdlib.c	div	c:@F@div
p101_erf	c:@F@p101_erf	libraries/lib_c/src/math.c	erf	c:@F@erf
p101_erfc	c:@F@p101_erfc	libraries/lib_c/src/math.c	erfc	c:@F@erfc
p101_erfcf	c:@F@p101_erfcf	libraries/lib_c/src/math.c	erfcf	c:@F@erfcf
p101_erfcl	c:@F@p101_erfcl	libraries/lib_c/src/math.c	erfcl	c:@F@erfcl
p101_erff	c:@F@p101_erff	libraries/lib_c/src/math.c	erff	c:@F@erff
p101_erfl	c:@F@p101_erfl	libraries/lib_c/src/math.c	erfl	c:@F@erfl
p101_exp	c:@F@p101_exp	libraries/lib_c/src/math.c	exp	c:@F@exp
p101_exp2	c:@F@p101_exp2	libraries/lib_c/src/math.c	exp2	c:@F@exp2
p101_exp2f	c:@F@p101_exp2f	libraries/lib_c/src/math.c	exp2f	c:@F@exp2f
p101_exp2l	c:@F@p101_exp2l	libraries/lib_c/src/math.c	exp2l	c:@F@exp2l
p101_expf	c:@F@p101_expf	libraries/lib_c/src/math.c	expf	c:@F@expf
p101_expl	c:@F@p101_expl	libraries/lib_c/src/math.c	expl	c:@F@expl
p101_expm1	c:@F@p101_expm1	libraries/lib_c/src/math.c	expm1	c:@F@expm1
p101_expm1f	c:@F@p101_expm1f	libraries/lib_c/src/math.c	expm1f	c:@F@expm1f
p101_expm1l	c:@F@p101_expm1l	libraries/lib_c/src/math.c	expm1l	c:@F@expm1l
p101_fabs	c:@F@p101_fabs	libraries/lib_c/src/math.c	fabs	c:@F@fabs
p101_fabsf	c:@F@p101_fabsf	libraries/lib_c/src/math.c	fabsf	c:@F@fabsf
p101_fabsl	c:@F@p101_fabsl	libraries/lib_c/src/math.c	fabsl	c:@F@fabsl
p101_fclose	c:@F@p101_fclose	libraries/lib_c/src/stdio.c	fclose	c:@F@fclose
p101_fdim	c:@F@p101_fdim	libraries/lib_c/src/math.c	fdim	c:@F@fdim
p101_fdimf	c:@F@p101_fdimf	libraries/lib_c/src/math.c	fdimf	c:@F@fdimf
p101_fdiml	c:@F@p101_fdiml	libraries/lib_c/src/math.c	fdiml	c:@F@fdiml
p101_feclearexcept	c:@F@p101_feclearexcept	libraries/lib_c/src/fenv.c	feclearexcept	c:@F@feclearexcept
p101_fegetenv	c:@F@p101_fegetenv	libraries/lib_c/src/fenv.c	fegetenv	c:@F@fegetenv
p101_fegetexceptflag	c:@F@p101_fegetexceptflag	libraries/lib_c/src/fenv.c	fegetexceptflag	c:@F@fegetexceptflag
p101_fegetround	c:@F@p101_fegetround	libraries/lib_c/src/fenv.c	fegetround	c:@F@fegetround
p101_feholdexcept	c:@F@p101_feholdexcept	libraries/lib_c/src/fenv.c	feholdexcept	c:@F@feholdexcept
p101_feof	c:@F@p101_feof	libraries/lib_c/src/stdio.c	feof	c:@F@feof
p101_feraiseexcept	c:@F@p101_feraiseexcept	libraries/lib_c/src/fenv.c	feraiseexcept	c:@F@feraiseexcept
p101_ferror	c:@F@p101_ferror	libraries/lib_c/src/stdio.c	ferror	c:@F@ferror
p101_fesetenv	c:@F@p101_fesetenv	libraries/lib_c/src/fenv.c	fesetenv	c:@F@fesetenv
p101_fesetexceptflag	c:@F@p101_fesetexceptflag	libraries/lib_c/src/fenv.c	fesetexceptflag	c:@F@fesetexceptflag
p101_fesetround	c:@F@p101_fesetround	libraries/lib_c/src/fenv.c	fesetround	c:@F@fesetround
p101_fetestexcept	c:@F@p101_fetestexcept	libraries/lib_c/src/fenv.c	fetestexcept	c:@F@fetestexcept
p101_feupdateenv	c:@F@p101_feupdateenv	libraries/lib_c/src/fenv.c	feupdateenv	c:@F@feupdateenv
p101_fflush	c:@F@p101_fflush	libraries/lib_c/src/stdio.c	fflush	c:@F@fflush
p101_fgetc	c:@F@p101_fgetc	libraries/lib_c/src/stdio.c	fgetc	c:@F@fgetc
p101_fgetpos	c:@F@p101_fgetpos	libraries/lib_c/src/stdio.c	fgetpos	c:@F@fgetpos
p101_fgets	c:@F@p101_fgets	libraries/lib_c/src/stdio.c	fgets	c:@F@fgets
p101_fgetwc	c:@F@p101_fgetwc	libraries/lib_c/src/wchar.c	fgetwc	c:@F@fgetwc
p101_fgetws	c:@F@p101_fgetws	libraries/lib_c/src/wchar.c	fgetws	c:@F@fgetws
p101_floor	c:@F@p101_floor	libraries/lib_c/src/math.c	floor	c:@F@floor
p101_floorf	c:@F@p101_floorf	libraries/lib_c/src/math.c	floorf	c:@F@floorf
p101_floorl	c:@F@p101_floorl	libraries/lib_c/src/math.c	floorl	c:@F@floorl
p101_fma	c:@F@p101_fma	libraries/lib_c/src/math.c	fma	c:@F@fma
p101_fmaf	c:@F@p101_fmaf	libraries/lib_c/src/math.c	fmaf	c:@F@fmaf
p101_fmal	c:@F@p101_fmal	libraries/lib_c/src/math.c	fmal	c:@F@fmal
p101_fmax	c:@F@p101_fmax	libraries/lib_c/src/math.c	fmax	c:@F@fmax
p101_fmaxf	c:@F@p101_fmaxf	libraries/lib_c/src/math.c	fmaxf	c:@F@fmaxf
p101_fmaxl	c:@F@p101_fmaxl	libraries/lib_c/src/math.c	fmaxl	c:@F@fmaxl
p101_fmin	c:@F@p101_fmin	libraries/lib_c/src/math.c	fmin	c:@F@fmin
p101_fminf	c:@F@p101_fminf	libraries/lib_c/src/math.c	fminf	c:@F@fminf
p101_fminl	c:@F@p101_fminl	libraries/lib_c/src/math.c	fminl	c:@F@fminl
p101_fmod	c:@F@p101_fmod	libraries/lib_c/src/math.c	fmod	c:@F@fmod
p101_fmodf	c:@F@p101_fmodf	libraries/lib_c/src/math.c	fmodf	c:@F@fmodf
p101_fmodl	c:@F@p101_fmodl	libraries/lib_c/src/math.c	fmodl	c:@F@fmodl
p101_fopen	c:@F@p101_fopen	libraries/lib_c/src/stdio.c	fopen	c:@F@fopen
p101_fprintf	c:@F@p101_fprintf	libraries/lib_c/src/stdio.c	fprintf	c:@F@fprintf
p101_fputc	c:@F@p101_fputc	libraries/lib_c/src/stdio.c	fputc	c:@F@fputc
p101_fputs	c:@F@p101_fputs	libraries/lib_c/src/stdio.c	fputs	c:@F@fputs
p101_fputwc	c:@F@p101_fputwc	libraries/lib_c/src/wchar.c	fputwc	c:@F@fputwc
p101_fputws	c:@F@p101_fputws	libraries/lib_c/src/wchar.c	fputws	c:@F@fputws
p101_fread	c:@F@p101_fread	libraries/lib_c/src/stdio.c	fread	c:@F@fread
p101_free	c:@F@p101_free	libraries/lib_c/src/stdlib.c	free	c:@F@free
p101_freopen	c:@F@p101_freopen	libraries/lib_c/src/stdio.c	freopen	c:@F@freopen
p101_frexp	c:@F@p101_frexp	libraries/lib_c/src/math.c	frexp	c:@F@frexp
p101_frexpf	c:@F@p101_frexpf	libraries/lib_c/src/math.c	frexpf	c:@F@frexpf
p101_frexpl	c:@F@p101_frexpl	libraries/lib_c/src/math.c	frexpl	c:@F@frexpl
p101_fscanf	c:@F@p101_fscanf	libraries/lib_c/src/stdio.c	fscanf	c:@F@fscanf
p101_fseek	c:@F@p101_fseek	libraries/lib_c/src/stdio.c	fseek	c:@F@fseek
p101_fsetpos	c:@F@p101_fsetpos	libraries/lib_c/src/stdio.c	fsetpos	c:@F@fsetpos
p101_ftell	c:@F@p101_ftell	libraries/lib_c/src/stdio.c	ftell	c:@F@ftell
p101_fwide	c:@F@p101_fwide	libraries/lib_c/src/wchar.c	fwide	c:@F@fwide
p101_fwprintf	c:@F@p101_fwprintf	libraries/lib_c/src/wchar.c	fwprintf	c:@F@fwprintf
p101_fwrite	c:@F@p101_fwrite	libraries/lib_c/src/stdio.c	fwrite	c:@F@fwrite
p101_fwscanf	c:@F@p101_fwscanf	libraries/lib_c/src/wchar.c	fwscanf	c:@F@fwscanf
p101_getc	c:@F@p101_getc	libraries/lib_c/src/stdio.c	getc	c:@F@getc
p101_getchar	c:@F@p101_getchar	libraries/lib_c/src/stdio.c	getchar	c:@F@getchar
p101_getenv	c:@F@p101_getenv	libraries/lib_c/src/stdlib.c	getenv	c:@F@getenv
p101_getwc	c:@F@p101_getwc	libraries/lib_c/src/wchar.c	getwc	c:@F@getwc
p101_getwchar	c:@F@p101_getwchar	libraries/lib_c/src/wchar.c	getwchar	c:@F@getwchar
p101_hypot	c:@F@p101_hypot	libraries/lib_c/src/math.c	hypot	c:@F@hypot
p101_hypotf	c:@F@p101_hypotf	libraries/lib_c/src/math.c	hypotf	c:@F@hypotf
p101_hypotl	c:@F@p101_hypotl	libraries/lib_c/src/math.c	hypotl	c:@F@hypotl
p101_ilogb	c:@F@p101_ilogb	libraries/lib_c/src/math.c	ilogb	c:@F@ilogb
p101_ilogbf	c:@F@p101_ilogbf	libraries/lib_c/src/math.c	ilogbf	c:@F@ilogbf
p101_ilogbl	c:@F@p101_ilogbl	libraries/lib_c/src/math.c	ilogbl	c:@F@ilogbl
p101_imaxabs	c:@F@p101_imaxabs	libraries/lib_c/src/inttypes.c	imaxabs	c:@F@imaxabs
p101_imaxdiv	c:@F@p101_imaxdiv	libraries/lib_c/src/inttypes.c	imaxdiv	c:@F@imaxdiv
p101_isalnum	c:@F@p101_isalnum	libraries/lib_c/src/ctype.c	isalnum	c:@F@isalnum
p101_isalpha	c:@F@p101_isalpha	libraries/lib_c/src/ctype.c	isalpha	c:@F@isalpha
p101_isblank	c:@F@p101_isblank	libraries/lib_c/src/ctype.c	isblank	c:@F@isblank
p101_iscntrl	c:@F@p101_iscntrl	libraries/lib_c/src/ctype.c	iscntrl	c:@F@iscntrl
p101_isdigit	c:@F@p101_isdigit	libraries/lib_c/src/ctype.c	isdigit	c:@F@isdigit
p101_isgraph	c:@F@p101_isgraph	libraries/lib_c/src/ctype.c	isgraph	c:@F@isgraph
p101_islower	c:@F@p101_islower	libraries/lib_c/src/ctype.c	islower	c:@F@islower
p101_isprint	c:@F@p101_isprint	libraries/lib_c/src/ctype.c	isprint	c:@F@isprint
p101_ispunct	c:@F@p101_ispunct	libraries/lib_c/src/ctype.c	ispunct	c:@F@ispunct
p101_isspace	c:@F@p101_isspace	libraries/lib_c/src/ctype.c	isspace	c:@F@isspace
p101_isupper	c:@F@p101_isupper	libraries/lib_c/src/ctype.c	isupper	c:@F@isupper
p101_iswalnum	c:@F@p101_iswalnum	libraries/lib_c/src/wctype.c	iswalnum	c:@F@iswalnum
p101_iswalpha	c:@F@p101_iswalpha	libraries/lib_c/src/wctype.c	iswalpha	c:@F@iswalpha
p101_iswblank	c:@F@p101_iswblank	libraries/lib_c/src/wctype.c	iswblank	c:@F@iswblank
p101_iswcntrl	c:@F@p101_iswcntrl	libraries/lib_c/src/wctype.c	iswcntrl	c:@F@iswcntrl
p101_iswctype	c:@F@p101_iswctype	libraries/lib_c/src/wctype.c	iswctype	c:@F@iswctype
p101_iswdigit	c:@F@p101_iswdigit	libraries/lib_c/src/wctype.c	iswdigit	c:@F@iswdigit
p101_iswgraph	c:@F@p101_iswgraph	libraries/lib_c/src/wctype.c	iswgraph	c:@F@iswgraph
p101_iswlower	c:@F@p101_iswlower	libraries/lib_c/src/wctype.c	iswlower	c:@F@iswlower
p101_iswprint	c:@F@p101_iswprint	libraries/lib_c/src/wctype.c	iswprint	c:@F@iswprint
p101_iswpunct	c:@F@p101_iswpunct	libraries/lib_c/src/wctype.c	iswpunct	c:@F@iswpunct
p101_iswspace	c:@F@p101_iswspace	libraries/lib_c/src/wctype.c	iswspace	c:@F@iswspace
p101_iswupper	c:@F@p101_iswupper	libraries/lib_c/src/wctype.c	iswupper	c:@F@iswupper
p101_iswxdigit	c:@F@p101_iswxdigit	libraries/lib_c/src/wctype.c	iswxdigit	c:@F@iswxdigit
p101_isxdigit	c:@F@p101_isxdigit	libraries/lib_c/src/ctype.c	isxdigit	c:@F@isxdigit
p101_labs	c:@F@p101_labs	libraries/lib_c/src/stdlib.c	labs	c:@F@labs
p101_ldexp	c:@F@p101_ldexp	libraries/lib_c/src/math.c	ldexp	c:@F@ldexp
p101_ldexpf	c:@F@p101_ldexpf	libraries/lib_c/src/math.c	ldexpf	c:@F@ldexpf
p101_ldexpl	c:@F@p101_ldexpl	libraries/lib_c/src/math.c	ldexpl	c:@F@ldexpl
p101_ldiv	c:@F@p101_ldiv	libraries/lib_c/src/stdlib.c	ldiv	c:@F@ldiv
p101_lgamma	c:@F@p101_lgamma	libraries/lib_c/src/math.c	lgamma	c:@F@lgamma
p101_lgammaf	c:@F@p101_lgammaf	libraries/lib_c/src/math.c	lgammaf	c:@F@lgammaf
p101_lgammal	c:@F@p101_lgammal	libraries/lib_c/src/math.c	lgammal	c:@F@lgammal
p101_llabs	c:@F@p101_llabs	libraries/lib_c/src/stdlib.c	llabs	c:@F@llabs
p101_lldiv	c:@F@p101_lldiv	libraries/lib_c/src/stdlib.c	lldiv	c:@F@lldiv
p101_llrint	c:@F@p101_llrint	libraries/lib_c/src/math.c	llrint	c:@F@llrint
p101_llrintf	c:@F@p101_llrintf	libraries/lib_c/src/math.c	llrintf	c:@F@llrintf
p101_llrintl	c:@F@p101_llrintl	libraries/lib_c/src/math.c	llrintl	c:@F@llrintl
p101_llround	c:@F@p101_llround	libraries/lib_c/src/math.c	llround	c:@F@llround
p101_llroundf	c:@F@p101_llroundf	libraries/lib_c/src/math.c	llroundf	c:@F@llroundf
p101_llroundl	c:@F@p101_llroundl	libraries/lib_c/src/math.c	llroundl	c:@F@llroundl
p101_localeconv	c:@F@p101_localeconv	libraries/lib_c/src/locale.c	localeconv	c:@F@localeconv
p101_log	c:@F@p101_log	libraries/lib_c/src/math.c	log	c:@F@log
p101_log10	c:@F@p101_log10	libraries/lib_c/src/math.c	log10	c:@F@log10
p101_log10f	c:@F@p101_log10f	libraries/lib_c/src/math.c	log10f	c:@F@log10f
p101_log10l	c:@F@p101_log10l	libraries/lib_c/src/math.c	log10l	c:@F@log10l
p101_log1p	c:@F@p101_log1p	libraries/lib_c/src/math.c	log1p	c:@F@log1p
p101_log1pf	c:@F@p101_log1pf	libraries/lib_c/src/math.c	log1pf	c:@F@log1pf
p101_log1pl	c:@F@p101_log1pl	libraries/lib_c/src/math.c	log1pl	c:@F@log1pl
p101_log2	c:@F@p101_log2	libraries/lib_c/src/math.c	log2	c:@F@log2
p101_log2f	c:@F@p101_log2f	libraries/lib_c/src/math.c	log2f	c:@F@log2f
p101_log2l	c:@F@p101_log2l	libraries/lib_c/src/math.c	log2l	c:@F@log2l
p101_logb	c:@F@p101_logb	libraries/lib_c/src/math.c	logb	c:@F@logb
p101_logbf	c:@F@p101_logbf	libraries/lib_c/src/math.c	logbf	c:@F@logbf
p101_logbl	c:@F@p101_logbl	libraries/lib_c/src/math.c	logbl	c:@F@logbl
p101_logf	c:@F@p101_logf	libraries/lib_c/src/math.c	logf	c:@F@logf
p101_logl	c:@F@p101_logl	libraries/lib_c/src/math.c	logl	c:@F@logl
p101_longjmp	c:@F@p101_longjmp	libraries/lib_c/src/setjmp.c	longjmp	c:@F@longjmp
p101_lrint	c:@F@p101_lrint	libraries/lib_c/src/math.c	lrint	c:@F@lrint
p101_lrintf	c:@F@p101_lrintf	libraries/lib_c/src/math.c	lrintf	c:@F@lrintf
p101_lrintl	c:@F@p101_lrintl	libraries/lib_c/src/math.c	lrintl	c:@F@lrintl
p101_lround	c:@F@p101_lround	libraries/lib_c/src/math.c	lround	c:@F@lround
p101_lroundf	c:@F@p101_lroundf	libraries/lib_c/src/math.c	lroundf	c:@F@lroundf
p101_lroundl	c:@F@p101_lroundl	libraries/lib_c/src/math.c	lroundl	c:@F@lroundl
p101_malloc	c:@F@p101_malloc	libraries/lib_c/src/stdlib.c	malloc	c:@F@malloc
p101_mblen	c:@F@p101_mblen	libraries/lib_c/src/stdlib.c	mblen	c:@F@mblen
p101_mbrlen	c:@F@p101_mbrlen	libraries/lib_c/src/wchar.c	mbrlen	c:@F@mbrlen
p101_mbrtowc	c:@F@p101_mbrtowc	libraries/lib_c/src/wchar.c	mbrtowc	c:@F@mbrtowc
p101_mbsinit	c:@F@p101_mbsinit	libraries/lib_c/src/wchar.c	mbsinit	c:@F@mbsinit
p101_mbsrtowcs	c:@F@p101_mbsrtowcs	libraries/lib_c/src/wchar.c	mbsrtowcs	c:@F@mbsrtowcs
p101_mbstowcs	c:@F@p101_mbstowcs	libraries/lib_c/src/stdlib.c	mbstowcs	c:@F@mbstowcs
p101_mbtowc	c:@F@p101_mbtowc	libraries/lib_c/src/stdlib.c	mbtowc	c:@F@mbtowc
p101_memchr	c:@F@p101_memchr	libraries/lib_c/src/string.c	memchr	c:@F@memchr
p101_memcmp	c:@F@p101_memcmp	libraries/lib_c/src/string.c	memcmp	c:@F@memcmp
p101_memcpy	c:@F@p101_memcpy	libraries/lib_c/src/string.c	memcpy	c:@F@memcpy
p101_memmove	c:@F@p101_memmove	libraries/lib_c/src/string.c	memmove	c:@F@memmove
p101_memset	c:@F@p101_memset	libraries/lib_c/src/string.c	memset	c:@F@memset
p101_mktime	c:@F@p101_mktime	libraries/lib_c/src/time.c	mktime	c:@F@mktime
p101_modf	c:@F@p101_modf	libraries/lib_c/src/math.c	modf	c:@F@modf
p101_modff	c:@F@p101_modff	libraries/lib_c/src/math.c	modff	c:@F@modff
p101_modfl	c:@F@p101_modfl	libraries/lib_c/src/math.c	modfl	c:@F@modfl
p101_nan	c:@F@p101_nan	libraries/lib_c/src/math.c	nan	c:@F@nan
p101_nanf	c:@F@p101_nanf	libraries/lib_c/src/math.c	nanf	c:@F@nanf
p101_nanl	c:@F@p101_nanl	libraries/lib_c/src/math.c	nanl	c:@F@nanl
p101_nearbyint	c:@F@p101_nearbyint	libraries/lib_c/src/math.c	nearbyint	c:@F@nearbyint
p101_nearbyintf	c:@F@p101_nearbyintf	libraries/lib_c/src/math.c	nearbyintf	c:@F@nearbyintf
p101_nearbyintl	c:@F@p101_nearbyintl	libraries/lib_c/src/math.c	nearbyintl	c:@F@nearbyintl
p101_nextafter	c:@F@p101_nextafter	libraries/lib_c/src/math.c	nextafter	c:@F@nextafter
p101_nextafterf	c:@F@p101_nextafterf	libraries/lib_c/src/math.c	nextafterf	c:@F@nextafterf
p101_nextafterl	c:@F@p101_nextafterl	libraries/lib_c/src/math.c	nextafterl	c:@F@nextafterl
p101_nexttoward	c:@F@p101_nexttoward	libraries/lib_c/src/math.c	nexttoward	c:@F@nexttoward
p101_nexttowardf	c:@F@p101_nexttowardf	libraries/lib_c/src/math.c	nexttowardf	c:@F@nexttowardf
p101_nexttowardl	c:@F@p101_nexttowardl	libraries/lib_c/src/math.c	nexttowardl	c:@F@nexttowardl
p101_perror	c:@F@p101_perror	libraries/lib_c/src/stdio.c	perror	c:@F@perror
p101_pow	c:@F@p101_pow	libraries/lib_c/src/math.c	pow	c:@F@pow
p101_powf	c:@F@p101_powf	libraries/lib_c/src/math.c	powf	c:@F@powf
p101_powl	c:@F@p101_powl	libraries/lib_c/src/math.c	powl	c:@F@powl
p101_printf	c:@F@p101_printf	libraries/lib_c/src/stdio.c	printf	c:@F@printf
p101_putc	c:@F@p101_putc	libraries/lib_c/src/stdio.c	putc	c:@F@putc
p101_putchar	c:@F@p101_putchar	libraries/lib_c/src/stdio.c	putchar	c:@F@putchar
p101_puts	c:@F@p101_puts	libraries/lib_c/src/stdio.c	puts	c:@F@puts
p101_putwc	c:@F@p101_putwc	libraries/lib_c/src/wchar.c	putwc	c:@F@putwc
p101_putwchar	c:@F@p101_putwchar	libraries/lib_c/src/wchar.c	putwchar	c:@F@putwchar
p101_qsort	c:@F@p101_qsort	libraries/lib_c/src/stdlib.c	qsort	c:@F@qsort
p101_raise	c:@F@p101_raise	libraries/lib_c/src/signal.c	raise	c:@F@raise
p101_realloc	c:@F@p101_realloc	libraries/lib_c/src/stdlib.c	realloc	c:@F@realloc
p101_remainder	c:@F@p101_remainder	libraries/lib_c/src/math.c	remainder	c:@F@remainder
p101_remainderf	c:@F@p101_remainderf	libraries/lib_c/src/math.c	remainderf	c:@F@remainderf
p101_remainderl	c:@F@p101_remainderl	libraries/lib_c/src/math.c	remainderl	c:@F@remainderl
p101_remove	c:@F@p101_remove	libraries/lib_c/src/stdio.c	remove	c:@F@remove
p101_remquo	c:@F@p101_remquo	libraries/lib_c/src/math.c	remquo	c:@F@remquo
p101_remquof	c:@F@p101_remquof	libraries/lib_c/src/math.c	remquof	c:@F@remquof
p101_remquol	c:@F@p101_remquol	libraries/lib_c/src/math.c	remquol	c:@F@remquol
p101_rename	c:@F@p101_rename	libraries/lib_c/src/stdio.c	rename	c:@F@rename
p101_rint	c:@F@p101_rint	libraries/lib_c/src/math.c	rint	c:@F@rint
p101_rintf	c:@F@p101_rintf	libraries/lib_c/src/math.c	rintf	c:@F@rintf
p101_rintl	c:@F@p101_rintl	libraries/lib_c/src/math.c	rintl	c:@F@rintl
p101_round	c:@F@p101_round	libraries/lib_c/src/math.c	round	c:@F@round
p101_roundf	c:@F@p101_roundf	libraries/lib_c/src/math.c	roundf	c:@F@roundf
p101_roundl	c:@F@p101_roundl	libraries/lib_c/src/math.c	roundl	c:@F@roundl
p101_scalbln	c:@F@p101_scalbln	libraries/lib_c/src/math.c	scalbln	c:@F@scalbln
p101_scalblnf	c:@F@p101_scalblnf	libraries/lib_c/src/math.c	scalblnf	c:@F@scalblnf
p101_scalblnl	c:@F@p101_scalblnl	libraries/lib_c/src/math.c	scalblnl	c:@F@scalblnl
p101_scalbn	c:@F@p101_scalbn	libraries/lib_c/src/math.c	scalbn	c:@F@scalbn
p101_scalbnf	c:@F@p101_scalbnf	libraries/lib_c/src/math.c	scalbnf	c:@F@scalbnf
p101_scalbnl	c:@F@p101_scalbnl	libraries/lib_c/src/math.c	scalbnl	c:@F@scalbnl
p101_scanf	c:@F@p101_scanf	libraries/lib_c/src/stdio.c	scanf	c:@F@scanf
p101_setlocale	c:@F@p101_setlocale	libraries/lib_c/src/locale.c	setlocale	c:@F@setlocale
p101_setvbuf	c:@F@p101_setvbuf	libraries/lib_c/src/stdio.c	setvbuf	c:@F@setvbuf
p101_signal	c:@F@p101_signal	libraries/lib_c/src/signal.c	signal	c:@F@signal
p101_sin	c:@F@p101_sin	libraries/lib_c/src/math.c	sin	c:@F@sin
p101_sinf	c:@F@p101_sinf	libraries/lib_c/src/math.c	sinf	c:@F@sinf
p101_sinh	c:@F@p101_sinh	libraries/lib_c/src/math.c	sinh	c:@F@sinh
p101_sinhf	c:@F@p101_sinhf	libraries/lib_c/src/math.c	sinhf	c:@F@sinhf
p101_sinhl	c:@F@p101_sinhl	libraries/lib_c/src/math.c	sinhl	c:@F@sinhl
p101_sinl	c:@F@p101_sinl	libraries/lib_c/src/math.c	sinl	c:@F@sinl
p101_snprintf	c:@F@p101_snprintf	libraries/lib_c/src/stdio.c	snprintf	c:@F@snprintf
p101_sqrt	c:@F@p101_sqrt	libraries/lib_c/src/math.c	sqrt	c:@F@sqrt
p101_sqrtf	c:@F@p101_sqrtf	libraries/lib_c/src/math.c	sqrtf	c:@F@sqrtf
p101_sqrtl	c:@F@p101_sqrtl	libraries/lib_c/src/math.c	sqrtl	c:@F@sqrtl
p101_sscanf	c:@F@p101_sscanf	libraries/lib_c/src/stdio.c	sscanf	c:@F@sscanf
p101_strchr	c:@F@p101_strchr	libraries/lib_c/src/string.c	strchr	c:@F@strchr
p101_strcmp	c:@F@p101_strcmp	libraries/lib_c/src/string.c	strcmp	c:@F@strcmp
p101_strcoll	c:@F@p101_strcoll	libraries/lib_c/src/string.c	strcoll	c:@F@strcoll
p101_strcspn	c:@F@p101_strcspn	libraries/lib_c/src/string.c	strcspn	c:@F@strcspn
p101_strerror	c:@F@p101_strerror	libraries/lib_c/src/string.c	strerror	c:@F@strerror
p101_strftime	c:@F@p101_strftime	libraries/lib_c/src/time.c	strftime	c:@F@strftime
p101_strlen	c:@F@p101_strlen	libraries/lib_c/src/string.c	strlen	c:@F@strlen
p101_strncat	c:@F@p101_strncat	libraries/lib_c/src/string.c	strncat	c:@F@strncat
p101_strncmp	c:@F@p101_strncmp	libraries/lib_c/src/string.c	strncmp	c:@F@strncmp
p101_strncpy	c:@F@p101_strncpy	libraries/lib_c/src/string.c	strncpy	c:@F@strncpy
p101_strpbrk	c:@F@p101_strpbrk	libraries/lib_c/src/string.c	strpbrk	c:@F@strpbrk
p101_strrchr	c:@F@p101_strrchr	libraries/lib_c/src/string.c	strrchr	c:@F@strrchr
p101_strspn	c:@F@p101_strspn	libraries/lib_c/src/string.c	strspn	c:@F@strspn
p101_strstr	c:@F@p101_strstr	libraries/lib_c/src/string.c	strstr	c:@F@strstr
p101_strtod	c:@F@p101_strtod	libraries/lib_c/src/stdlib.c	strtod	c:@F@strtod
p101_strtof	c:@F@p101_strtof	libraries/lib_c/src/stdlib.c	strtof	c:@F@strtof
p101_strtoimax	c:@F@p101_strtoimax	libraries/lib_c/src/inttypes.c	strtoimax	c:@F@strtoimax
p101_strtol	c:@F@p101_strtol	libraries/lib_c/src/stdlib.c	strtol	c:@F@strtol
p101_strtold	c:@F@p101_strtold	libraries/lib_c/src/stdlib.c	strtold	c:@F@strtold
p101_strtoll	c:@F@p101_strtoll	libraries/lib_c/src/stdlib.c	strtoll	c:@F@strtoll
p101_strtoul	c:@F@p101_strtoul	libraries/lib_c/src/stdlib.c	strtoul	c:@F@strtoul
p101_strtoull	c:@F@p101_strtoull	libraries/lib_c/src/stdlib.c	strtoull	c:@F@strtoull
p101_strtoumax	c:@F@p101_strtoumax	libraries/lib_c/src/inttypes.c	strtoumax	c:@F@strtoumax
p101_strxfrm	c:@F@p101_strxfrm	libraries/lib_c/src/string.c	strxfrm	c:@F@strxfrm
p101_swprintf	c:@F@p101_swprintf	libraries/lib_c/src/wchar.c	swprintf	c:@F@swprintf
p101_swscanf	c:@F@p101_swscanf	libraries/lib_c/src/wchar.c	swscanf	c:@F@swscanf
p101_system	c:@F@p101_system	libraries/lib_c/src/stdlib.c	system	c:@F@system
p101_tan	c:@F@p101_tan	libraries/lib_c/src/math.c	tan	c:@F@tan
p101_tanf	c:@F@p101_tanf	libraries/lib_c/src/math.c	tanf	c:@F@tanf
p101_tanh	c:@F@p101_tanh	libraries/lib_c/src/math.c	tanh	c:@F@tanh
p101_tanhf	c:@F@p101_tanhf	libraries/lib_c/src/math.c	tanhf	c:@F@tanhf
p101_tanhl	c:@F@p101_tanhl	libraries/lib_c/src/math.c	tanhl	c:@F@tanhl
p101_tanl	c:@F@p101_tanl	libraries/lib_c/src/math.c	tanl	c:@F@tanl
p101_tgamma	c:@F@p101_tgamma	libraries/lib_c/src/math.c	tgamma	c:@F@tgamma
p101_tgammaf	c:@F@p101_tgammaf	libraries/lib_c/src/math.c	tgammaf	c:@F@tgammaf
p101_tgammal	c:@F@p101_tgammal	libraries/lib_c/src/math.c	tgammal	c:@F@tgammal
p101_time	c:@F@p101_time	libraries/lib_c/src/time.c	time	c:@F@time
p101_timespec_get	c:@F@p101_timespec_get	libraries/lib_c/src/time.c	timespec_get	c:@F@timespec_get
p101_tmpfile	c:@F@p101_tmpfile	libraries/lib_c/src/stdio.c	tmpfile	c:@F@tmpfile
p101_tolower	c:@F@p101_tolower	libraries/lib_c/src/ctype.c	tolower	c:@F@tolower
p101_toupper	c:@F@p101_toupper	libraries/lib_c/src/ctype.c	toupper	c:@F@toupper
p101_towctrans	c:@F@p101_towctrans	libraries/lib_c/src/wctype.c	towctrans	c:@F@towctrans
p101_towlower	c:@F@p101_towlower	libraries/lib_c/src/wctype.c	towlower	c:@F@towlower
p101_towupper	c:@F@p101_towupper	libraries/lib_c/src/wctype.c	towupper	c:@F@towupper
p101_trunc	c:@F@p101_trunc	libraries/lib_c/src/math.c	trunc	c:@F@trunc
p101_truncf	c:@F@p101_truncf	libraries/lib_c/src/math.c	truncf	c:@F@truncf
p101_truncl	c:@F@p101_truncl	libraries/lib_c/src/math.c	truncl	c:@F@truncl
p101_ungetc	c:@F@p101_ungetc	libraries/lib_c/src/stdio.c	ungetc	c:@F@ungetc
p101_ungetwc	c:@F@p101_ungetwc	libraries/lib_c/src/wchar.c	ungetwc	c:@F@ungetwc
p101_vfprintf	c:@F@p101_vfprintf	libraries/lib_c/src/stdio.c	vfprintf	c:@F@vfprintf
p101_vfscanf	c:@F@p101_vfscanf	libraries/lib_c/src/stdio.c	vfscanf	c:@F@vfscanf
p101_vfwprintf	c:@F@p101_vfwprintf	libraries/lib_c/src/wchar.c	vfwprintf	c:@F@vfwprintf
p101_vfwscanf	c:@F@p101_vfwscanf	libraries/lib_c/src/wchar.c	vfwscanf	c:@F@vfwscanf
p101_vprintf	c:@F@p101_vprintf	libraries/lib_c/src/stdio.c	vprintf	c:@F@vprintf
p101_vscanf	c:@F@p101_vscanf	libraries/lib_c/src/stdio.c	vscanf	c:@F@vscanf
p101_vsnprintf	c:@F@p101_vsnprintf	libraries/lib_c/src/stdio.c	vsnprintf	c:@F@vsnprintf
p101_vsscanf	c:@F@p101_vsscanf	libraries/lib_c/src/stdio.c	vsscanf	c:@F@vsscanf
p101_vswprintf	c:@F@p101_vswprintf	libraries/lib_c/src/wchar.c	vswprintf	c:@F@vswprintf
p101_vswscanf	c:@F@p101_vswscanf	libraries/lib_c/src/wchar.c	vswscanf	c:@F@vswscanf
p101_vwprintf	c:@F@p101_vwprintf	libraries/lib_c/src/wchar.c	vwprintf	c:@F@vwprintf
p101_vwscanf	c:@F@p101_vwscanf	libraries/lib_c/src/wchar.c	vwscanf	c:@F@vwscanf
p101_wcrtomb	c:@F@p101_wcrtomb	libraries/lib_c/src/wchar.c	wcrtomb	c:@F@wcrtomb
p101_wcschr	c:@F@p101_wcschr	libraries/lib_c/src/wchar.c	wcschr	c:@F@wcschr
p101_wcscmp	c:@F@p101_wcscmp	libraries/lib_c/src/wchar.c	wcscmp	c:@F@wcscmp
p101_wcscoll	c:@F@p101_wcscoll	libraries/lib_c/src/wchar.c	wcscoll	c:@F@wcscoll
p101_wcscspn	c:@F@p101_wcscspn	libraries/lib_c/src/wchar.c	wcscspn	c:@F@wcscspn
p101_wcsftime	c:@F@p101_wcsftime	libraries/lib_c/src/wchar.c	wcsftime	c:@F@wcsftime
p101_wcslen	c:@F@p101_wcslen	libraries/lib_c/src/wchar.c	wcslen	c:@F@wcslen
p101_wcsncat	c:@F@p101_wcsncat	libraries/lib_c/src/wchar.c	wcsncat	c:@F@wcsncat
p101_wcsncmp	c:@F@p101_wcsncmp	libraries/lib_c/src/wchar.c	wcsncmp	c:@F@wcsncmp
p101_wcsncpy	c:@F@p101_wcsncpy	libraries/lib_c/src/wchar.c	wcsncpy	c:@F@wcsncpy
p101_wcspbrk	c:@F@p101_wcspbrk	libraries/lib_c/src/wchar.c	wcspbrk	c:@F@wcspbrk
p101_wcsrchr	c:@F@p101_wcsrchr	libraries/lib_c/src/wchar.c	wcsrchr	c:@F@wcsrchr
p101_wcsrtombs	c:@F@p101_wcsrtombs	libraries/lib_c/src/wchar.c	wcsrtombs	c:@F@wcsrtombs
p101_wcsspn	c:@F@p101_wcsspn	libraries/lib_c/src/wchar.c	wcsspn	c:@F@wcsspn
p101_wcsstr	c:@F@p101_wcsstr	libraries/lib_c/src/wchar.c	wcsstr	c:@F@wcsstr
p101_wcstod	c:@F@p101_wcstod	libraries/lib_c/src/wchar.c	wcstod	c:@F@wcstod
p101_wcstof	c:@F@p101_wcstof	libraries/lib_c/src/wchar.c	wcstof	c:@F@wcstof
p101_wcstoimax	c:@F@p101_wcstoimax	libraries/lib_c/src/inttypes.c	wcstoimax	c:@F@wcstoimax
p101_wcstok	c:@F@p101_wcstok	libraries/lib_c/src/wchar.c	wcstok	c:@F@wcstok
p101_wcstol	c:@F@p101_wcstol	libraries/lib_c/src/wchar.c	wcstol	c:@F@wcstol
p101_wcstold	c:@F@p101_wcstold	libraries/lib_c/src/wchar.c	wcstold	c:@F@wcstold
p101_wcstoll	c:@F@p101_wcstoll	libraries/lib_c/src/wchar.c	wcstoll	c:@F@wcstoll
p101_wcstombs	c:@F@p101_wcstombs	libraries/lib_c/src/stdlib.c	wcstombs	c:@F@wcstombs
p101_wcstoul	c:@F@p101_wcstoul	libraries/lib_c/src/wchar.c	wcstoul	c:@F@wcstoul
p101_wcstoull	c:@F@p101_wcstoull	libraries/lib_c/src/wchar.c	wcstoull	c:@F@wcstoull
p101_wcstoumax	c:@F@p101_wcstoumax	libraries/lib_c/src/inttypes.c	wcstoumax	c:@F@wcstoumax
p101_wcsxfrm	c:@F@p101_wcsxfrm	libraries/lib_c/src/wchar.c	wcsxfrm	c:@F@wcsxfrm
p101_wctob	c:@F@p101_wctob	libraries/lib_c/src/wchar.c	wctob	c:@F@wctob
p101_wctomb	c:@F@p101_wctomb	libraries/lib_c/src/stdlib.c	wctomb	c:@F@wctomb
p101_wctrans	c:@F@p101_wctrans	libraries/lib_c/src/wctype.c	wctrans	c:@F@wctrans
p101_wctype	c:@F@p101_wctype	libraries/lib_c/src/wctype.c	wctype	c:@F@wctype
p101_wmemchr	c:@F@p101_wmemchr	libraries/lib_c/src/wchar.c	wmemchr	c:@F@wmemchr
p101_wmemcmp	c:@F@p101_wmemcmp	libraries/lib_c/src/wchar.c	wmemcmp	c:@F@wmemcmp
p101_wmemcpy	c:@F@p101_wmemcpy	libraries/lib_c/src/wchar.c	wmemcpy	c:@F@wmemcpy
p101_wmemmove	c:@F@p101_wmemmove	libraries/lib_c/src/wchar.c	wmemmove	c:@F@wmemmove
p101_wmemset	c:@F@p101_wmemset	libraries/lib_c/src/wchar.c	wmemset	c:@F@wmemset
p101_wprintf	c:@F@p101_wprintf	libraries/lib_c/src/wchar.c	wprintf	c:@F@wprintf
p101_wscanf	c:@F@p101_wscanf	libraries/lib_c/src/wchar.c	wscanf	c:@F@wscanf
